字段 13,字段 9,字段 10,字段 12,字段 8,公司,字段 1,字段 15,字段 6,父记录 2,链接,字段 5,字段 4,字段 2,字段 3,公司2,字段 7,链接2,字段 14,父记录,字段 11,字段 16
,,,,,"中国烟草人才招聘平台 | 

 | 中国烟草人才招聘平台",,,,,,,中国铁路人才招聘网,,,,,国家电网官方招聘平台,,,,
,,,,,,,,,,,,,,,,,,,,,
,,,,,,,,,,,,,,,,,,,,,
,,,,,,,,,,,,,,,,,,,,,
,,,,,,,,,,,,,,,,,,,,,
,,,,,,,,,,,,,,,,,,,,,
,,,,,国家电网有限公司,,,,,http://www.sgcc.com.cn/,,,,,中国有色矿业集团有限公司,,http://www.cnmc.com.cn/cnmc/index.html,,,,
,,,,,,,,,,,,,,,,,,,,,
,,,,,,,,,,,,,,,,,,,,,
,,,,,,,,,,,,,,,,,,,,,
,,,,,,,,,,,,,,,,,,,,,
,,,,,中国通用技术(集团)控股有限责,,,,,https://www.gt.cn/,,,,,南光(集团)有限公司[中国南光集团有限公司],,http://www.namkwong.com.mol,,,,
,,,,,中国航空发动机集团有限公司,,,,,https://www.aecc.cn/,,,,,中国机械科学研究总院集团有限公司,,https://www.cam.com.cn/,,,,
,,,,,中国华电集团有限公司,,,,,http://www.chd.com.cn/site/2/index.html,,,,,中国国际技术智力合作集团有限公司,,http://www.ciic.com.cn/,,,,
,,,,,,,,,,,,,,,,,,,,,
,,,,,,,,,,,,,,,,,,,,,
,,,,,,,,,,,,,,,,,,,,,
,,,,,国务院国有资产监督管理委员会,,,,,http://www.sasac.gov.cn/n2588035/n2588325/n2588350/index.html,,,,,,,,,,,
,,,,,,,,,,,,,,,,,,,,,
,,,,,,,,,,,,,,,,,,,,,
,,,,,,,,,,,,,,,,,,,,,
,,,,,,,,,,,,,,,,,,,,,
,,,,,,,,,,,,,,,,,,,,,
,,,,,中国华能集团有限公司,,,,,https://www.chng.com.cn/,,,,,有研科技集团有限公司,,https://www.grinm.com/,,,,
,,,,,,,,,,,,,,,,,,,,,
,,,,,,,,,,,,,,,,,,,,,
,,,,,,,,,,,,,,,,,,,,,
,,,,,,,,,,,,,,,,,,,,,
,,,,,中国航天科技集团有限公司,,,,,https://www.spacechina.com/n25/index.html,,,,,中国旅游集团有限公司[香港中旅(集团)有限公司,,https://www.ctg.cn/,,,,
,,,,,天津,山东,,,,,西藏,,,宁夏,江苏,,,,,,
,,,,,河北,河南,,,,,新疆,,,吉林,安徽,,,,,,
,,,,,,,,,,,,,,,,,,,,,
,,,,,,,,,,,,,,,,,,,,,
,,,,,,,,,,,,,,,,,,,,,
,,,,,,,,,,,,,,,,,,,,,
,,,,,,,,,,,,,,,,,,,,,
,,,,,中粮集团有限公司,,,,,中粮集团有限公司,,,,,中国华录集团有限公司,,https://www.hualu.com.cn/,,,,
,,,,,,,,,,,,,,,,,,,,,
,,,,,,,,,,,,,,,,,,,,,
,,,,,地方社保局（事业编公告）,,,,,,,,,,,,,,,,
,,,,,国家开发投资集团有限公司,,,,,https://www.sdic.com.cn/cn/index.htm,,,,,中国物流集团有限公司,,https://www.chinalogisticsgroup.com.cn/,,,,
,,,,,,,,,,,,,,,,,,,,,
,,,,,,,,,,,,,,,,,,,,,
,,,,,,,,,,,,,,,,,,,,,
,,,,,,,,,,,,,,,,,,,,,
,,,,,,,,,,,,,,,,,,,,,
,,,,,中国航空工业集团有限公司,,,,,https://www.avic.com.cn/,,,,,中国节能环保集团有限公司,,http://www.cecep.cn/,,,,
,,,,,,,,,,,,,,,,,,,,,
,,,,,,,,,,,,,,,,,,,,,
,,,,,,,,,,,,,,,,,,,,,
,,,,,,,,,,,,,,,,,,,,,
,,,,,中国移动通信集团有限公司,,,,,https://www.10086.cn/index/hb/index%20270270.html,,,,,中国交通建设集团有限公司,,https://www.ccccltd.cn/,,,,
,,,,,中国石油化工集团有限公司,,,,,http://www.sinopecgroup.com/group/,,,,,中国化学工程集团有限公司,,https://cncec.cn/,,,,
,,,,,烟草体系,,,,,,,铁路体系,,,,,电网体系,,,,
,,,,,,,,,,,,,,,,,,,,,
,,,,,,,,,,,,,,,,,,,,,
,,,,,,,,,,,,,,,,,,,,,
,,,,,,,,,,,,,,,,,,,,,
,,,,,,,,,,,,,,,,,,,,,
,,,,,央企名录,,,,,,,,,,,,,,,,
,,,,,中国石油天然气集团有限公司,,,,,http://www.cnpc.com.cn/cnpc/index.shtml,,,,,中国钢研科技集团有限公司,,http://www.cisri.com.cn/,,,,
,,,,,国家电力投资集团有限公司,,,,,http://www.spic.com.cn/,,,,,中国建筑科学研究院有限公司,,http://www.cabr.com.cn/,,,,
,,,,,东风汽车集团有限公司,,,,,https://www.dfmc.com.cn/,,,,,中国医药集团有限公司,,http://www.sinopharm.com/,,,,
,,,,,鞍钢集团有限公司,,,,,http://www.ansteel.cn/,,,,,新兴际华集团有限公司,,http://www.xxcig.com/,,,,
,,,,,,,,,,,,,,,,,,,,,
,,,,,,,,,,,,,,,,,,,,,
,,,,,,,,,,,,,,,,,,,,,
,,,,,中国电子科技集团有限公司,,,,,http://www.cetc.com.cn/,,,,,中国煤炭科工集团有限公司,,http://www.ccteg.cn/zh/,,,,
,,,,,国家能源投资集团有限责任公司,,,,,https://www.ceic.com/,,,,,中国铁路通信信号集团有限公司,,http://www.crsc.cn/,,,,
,,,,,中国兵器装备集团有限公司,,,,,https://www.csgc.com.cn/,,,,,中国中煤能源集团有限公司,,https://www.chinacoal.com/,,,,
,,,,,中国大唐集团有限公司,,,,,http://www.china-cdt.com/dtwz_site_HTML/index.html,,,,,矿冶科技集团有限公司,,http://www.bgrimm.com/,,,,
,,,,,,,,,,,,,,,,,,,,,
,,,,,,,,,,,,,,,,,,,,,
,,,,,,,,,,,,,,,,,,,,,
,,,,,,,,,,,,,,,,,,,,,
,,,,,中国五矿集团有限公司,,,,,http://www.minmetals.com.cn/,,,,,华侨城集团有限公司,,www.chinaoct.com/,,,,
,,,,,中国核工业集团有限公司,,,,,https://www.cnnc.com.cn/,,,,,华润(集团)有限公司,,https://www.crc.com.hk/,,,,
,,,,,中国长江三峡集团有限公司,,,,,https://www.ctg.com.cn/,,,,,中国中车集团有限公司,,https://www.crrcgc.cc/lnstall/UnderConstruction.html,,,,
,,,,,哈尔滨电气集团有限公司,,,,,https://www.harbin-electric.com/,,,,,中国冶金地质总局,,https://www.cmgb.com.cn/,,,,
,,,,,,,,,,,,,,,,,,,,,
,,,,,,,,,,,,,,,,,,,,,
,,,,,,,,,,,,,,,,,,,,,
,,,,,,,,,,,,,,,,,,,,,
,,,,,,,,,,,,,,,,,,,,,
,,,,,中国东方电气集团有限公司,,,,,https://www.dongfang.com/,,,,,中国煤炭地质总局,,http://www.ccgc.cn/,,,,
,,,,,,,,,,,,,,,,,,,,,
,,,,,,,,,,,,,,,,,,,,,
,,,,,,,,,,,,,,,,,,,,,
,,,,,,,,,,,,,,,,,,,,,
,,,,,,,,,,,,,,,,,,,,,
,,,,,,,,,,,,,,,,,,,,,
,,,,,中国海洋石油集团有限公司,,,,,https://www.cnooc.com.cn/#1,,,,,中国盐业集团有限公司,,http://www.chinasalt.com.cn/,,,,
,,,,,中国电子信息产业集团有限公司,,,,,https://www.cec.com.cn/,,,,,中国农业发展集团有限公司,,https://www.cnadc.com.cn/,,,,
,,,,,中国矿产资源集团有限公司,,,,,http://www.125442.com/33.html,,,,,中国航空油料集团有限公司,,http://www.cnaf.com/,,,,
,,,,,中国储备粮管理集团有限公司,,,,,https://www.sinograin.com.cn/indexWeb.html,,,,,中国检验认证(集团)有限公司,,https://www.ccic.com/,,,,
,,,,,,,,,,,,,,,,,,,,,
,,,,,,,,,,,,,,,,,,,,,
,,,,,,,,,,,,,,,,,,,,,
,,,,,,,,,,,,,,,,,,,,,
,,,,,中国兵器工业集团有限公司,,,,,http://www.norincogroup.com.cn/,,,,,中国诚通控股集团有限公司,,http://www.cctgroup.com.cn/,,,,
,,,,,中国融通资产管理集团有限公司,,,,,https://www.crtamg.com.cn/,,,,,中国中钢集团有限公司,,http://www.sinosteel.com/,,,,
,,,,,中国宝武钢铁集团有限公司,,,,,http://www.baowugroup.com/home,,,,,中国民航信息集团有限公司,,http://www.travelsky.cn/,,,,
,,,,,,,,,,,,,,,,,,,,,
,,,,,,,,,,,,,,,,,,,,,
,,,,,,,,,,,,,,,,,,,,,
,,,,,,,,,,,,,,,,,,,,,
,,,,,,,,,,,,,,,,,,,,,
,,,,,中国航天科工集团有限公司,,,,,http://www.casic.com.cn/,,,,,中国商用飞机有限责任公司,,http://www.comac.ccl,,,,
,,,,,,,,,,,,,,,,,,,,,
,,,,,,,,,,,,,,,,,,,,,
,,,,,,,,,,,,,,,,,,,,,
,,,,,,,,,,,,,,,,,,,,,
,,,,,中国电信集团有限公司,,,,,http://www.chinatelecom.com.cn/,,,,,中国铁路工程集团有限公司,,http://www.crecg.com/,,,,
,,,,,,,,,,,,,,,,,,,,,
,,,,,,,,,,,,,,,,,,,,,
,,,,,,,,,,,,,,,,,,,,,
,,,,,,,,,,,,,,,,,,,,,
,,,,,,,,,,,,,,,,,,,,,
,,,,,,,,,,,,,,,,,,,,,
,,,,,,,,,,,,,,,,,,,,,
,,,,,山西,甘肃,,,,,——,,,浙江,福建,,,,,,
,,,,,教育部人才服务网(教育部直属单位公开招聘平台),,,,,https://jybzp.chsi.com.cn/home/index,,,,,,,,,,,
,,,,,,,,,,,,,,,,,,,,,
,,,,,,,,,,,,,,,,,,,,,
,,,,,,,,,,,,,,,,,,,,,
,,,,,,,,,,,,,,,,,,,,,
,,,,,,,,,,,,,,,,,,,,,
,,,,,,,,,,,,,,,,,,,,,
,,,,,中国东方航空集团有限公司,,,,,https://www.ceair.com/,,,,,中国安能建设集团有限公司,,https://www.china-an.cn/,,,,
,,,,,,,,,,,,,,,,,,,,,
,,,,,,,,,,,,,,,,,,,,,
,,,,,,,,,,,,,,,,,,,,,
,,,,,,,,,,,,,,,,,,,,,
,,,,,,,,,,,,,,,,,,,,,
,,,,,,,,,,,,,,,,,,,,,
,,,,,中国远洋海运集团有限公司,,,,,https://www.coscoshipping.com/,,,,,中国电力建设集团有限公司,,http://www.powerchina.cn/,,,,
,,,,,中国中化控股有限责任公司,,,,,https://www.sinochem.com/default.aspx,,,,,中国广核集团有限公司,,http://www.cgnpc.com.cn/,,,,
,,,,,北京,四川,,,,,海南,,,青海,上海,,,,,,
,,,,,,,,,,,,,,,,,,,,,
,,,,,,,,,,,,,,,,,,,,,
,,,,,,,,,,,,,,,,,,,,,
,,,,,,,,,,,,,,,,,,,,,
,,,,,,,,,,,,,,,,,,,,,
,,,,,中国铝业集团有限公司,,,,,https://www.chinalco.com.cn/,,,,,中国航空器材集团有限公司,,http://www.casc.com.cn/cas/,,,,
,,,,,内蒙古,广东,,,,,——,,,江西,湖北,,,,,,
,,,,,,,,,,,,,,,,,,,,,
,,,,,,,,,,,,,,,,,,,,,
,,,,,,,,,,,,,,,,,,,,,
,,,,,,,,,,,,,,,,,,,,,
,,,,,,,,,,,,,,,,,,,,,
,,,,,,,,,,,,,,,,,,,,,
,,,,,中国卫星网络集团有限公司,,,,,https://cscn.tupu360.com/e.lanxin/position/index?recruitmen,,,,,tTyp 中国信息通信科技集团有限公司,,http://campus.51job.com/cict2022/index.html,,,,
,,,,,,,,,,,,,,,,,,,,,
,,,,,,,,,,,,,,,,,,,,,
,,,,,,,,,,,,,,,,,,,,,
,,,,,,,,,,,,,,,,,,,,,
,,,,,,,,,,,,,,,,,,,,,
,,,,,,,,,,,,,,,,,,,,,
,,,,,辽宁,广西,,,,,——,,,云南,湖南,,,,,,
,,,,,,,,,,,,,,,,,,,,,
,,,,,,,,,,,,,,,,,,,,,
,,,,,,,,,,,,,,,,,,,,,
,,,,,,,,,,,,,,,,,,,,,
,,,,,中国机械工业集团有限公司,,,,,https://www.sinomach.com.cn/,,,,,中国建设科技有限公司,,http://www.cadreg.com.cn/,,,,
,,,,,黑龙江省事业单位公开招聘服务平台,贵州,,,,,——,,,陕西,重庆,,,,,,
,,,,,,,,,,,,,,,,,,,,,
,,,,,,,,,,,,,,,,,,,,,
,,,,,,,,,,,,,,,,,,,,,
,,,,,中国一重集团有限公司,,,,,https://www.cfhi.com/,,,,,中国保利集团有限公司,,https://www.poly.com.cn/,,,,
,,,,,中国南方电网有限责任公司,,,,,http://www.csg.cn/,,,,,中国稀土集团有限公司,,https://crec.iguopin.com/job,,,,
,,,,,招商局集团有限公司,,,,,https://www.cmhk.com/main/,,,,,中国国新控股有限责任公司,,https://www.crhc.cn/,,,,
,,,,,,,,,,,,,,,,,,,,,
,,,,,,,,,,,,,,,,,,,,,
,,,,,,,,,,,,,,,,,,,,,
,,,,,,,,,,,,,,,,,,,,,
,,,,,中华人民共和国人力资源和社会保障部,,,,,http://www.mohrss.gov.cn/SYrlzyhshbzb/fwyd/SYkaoshizhaopin/zyhgjjgsydwgkzp/,,,,,,,,,,,
,,,,,中国第一汽车集团有限公司,,,,,http://www.faw.com.cn/,,,,,中国林业集团有限公司,,http://www.cfgc.cn/,,,,
,,,,,,,,,,,,,,,,,,,,,
,,,,,中国建筑集团有限公司,,,,,https://www.cscec.com/,,,,,中国电气装备集团有限公司,,http://www.cee-group.cn/,,,,
,,,,,中国联合网络通信集团有限公司,,,,,http://www.chinaunicom.com.cn/,,,,,中国铁道建筑集团有限公司,,https://www.crcc.cn/,,,,
,,,,,,,,,,,,,,,,,,,,,
,,,,,,,,,,,,,,,,,,,,,
,,,,,,,,,,,,,,,,,,,,,
,,,,,,,,,,,,,,,,,,,,,
,,,,,国家石油天然气管网集团有限公司,,,,,https://www.pipechina.com.cn/,,,,,中国建材集团有限公司,,http://www.cnbm.com.cn/,,,,
,,,,,,,,,,,,,,,,,,,,,
,,,,,,,,,,,,,,,,,,,,,
,,,,,,,,,,,,,,,,,,,,,
,,,,,,,,,,,,,,,,,,,,,
,,,,,中国航空集团有限公司,,,,,http://www.airchinagroup.com/cnah/,,,,,中国能源建设集团有限公司,,http://www.ceec.net.cn/,,,,
,,,,,,,,,,,,,,,,,,,,,
,,,,,,,,,,,,,,,,,,,,,
,,,,,,,,,,,,,,,,,,,,,
,,,,,,,,,,,,,,,,,,,,,
,,,,,,,,,,,,,,,,,,,,,
,,,,,,,,,,,,,,,,,,,,,
,,,,,中国船舶集团有限公司,,,,,http://www.csic.com.cn/index.html,,,,,中国国际工程咨询有限公司,,https://www.ciecc.com.cn/,,,,
,,,,,中国南方航空集团有限公司,,,,,https://www.csair.cn/cn/,,,,,中国黄金集团有限公司,,http://www.chinagoldgroup.com/,,,,
,,,,,,,,,,,,,,,,,,,,,
,,,,,国家公开招聘平台,,,,,,,,,,,,,,,,
